Source id,Sentence en
1,and select the code as the code as shown.
2,a can be a by a file when his name of the shell can be a by the using the
3,i i will click on other for for a new account.
4,"and then here, by the variable a variable by default, to can be the"
5,and i have entered these have a the voice of these which have been added.
6,in the question as we can create the question or the data types
7,you has trust in you all.
8,behind the breath of the breathing can be a
9,and when king was a a a a and the king of a people was a with a
10,"""plants help of the two and there are a green of the fried form."""
11,those must be a
12,from the came to
13,"to do so, go to the top and and click on the top of the same window."
14,the code of the code is a to have been constructed
15,click on the projects button.
16,we can also an assignment here. which is here.
17,"""it is a a triangle, for a long as a long by a bad habit."""
18,those who has a great
19,"apache, mariadb and php obtained through xampp 5.6.30 and"
20,here can we can give a different here.
21,the concept of the four values
22,helps are the breathing
23,in can add a little can add a file.
24,"""by can are a good for can make a particular and with the meaning of food"
25,"""and the they could a a and of the green and they could get a big colour."
26,you can also view the amount and view
27,i went a
28,boy displays affection in what.
29,"""and when he entered a a people with a a a a a a a a a"
30,in the table we have the table for the number of microbiology
31,i was a great
32,• keep the right leg and place the right heel to the ground.
33,i i select the image and i select the image i select the image i select the
34,let’s will to a a date
35,and helps - and and makes a a great red
36,"as we can see, the a and the can as a green"
37,the word of the mind becomes a becomes of the cultures
38,and the of the people of the body and the body of he that is not to to than the life because he he to the than the life because he is the than having the
39,for people a a sanskrit a the sanskrit from the sanskrit
40,"""and the king was taken a great"
41,- - - people
42,"""samudra, lord of rivers, (afraid with a and of rivers, anger) and with his advice got a bridge"
43,we have written with the end of this tutorial. let us summarize.
44,and has the main and the body -
45,and have used in the fields
46,1. the a process of a and energy
47,"for more details, please write to contact"
48,as i want to start the lines of the four numbers you can try it.
49,i i want to view the i had a for i i had
50,and i have found a a
51,welcome to meet the gimp.
52,here that a variable of the variable that i want to it.
53,let's let's look at the email
54,we we also an object as we can use the the
55,"now, we can see how to execute the same name of a command called"
56,i was a
57,we got the picture.
58,now i a command that he has the name of the shell and to the name of the shell and he is the name of the command
59,and exhale with the abdomen to inwards
60,and the one of the that he entered into the sabbath
61,as an assignment:
62,press enter.
63,and let us try the graphic loop.
64,let's have a look at the output.
65,and the the the the and the the the the are done with the help of the
66,i must have a
67,"if you do not have good bandwidth, you can download and watch it."
68,and with a a string with a and a a string of the with a other a
69,1. the final position - you are natural by supporting
70,so change the same as shown here.
71,the person is a as the prayer.
72,chandra is a ritual
73,as the final hand as an image.
74,here is here.
75,here we got the here.
76,"""and in that i have to be a as a book of variables in a a"
77,then the control goes is the displaymessage.
78,we can do this by using the standard error.
79,the person is decorating the god.
80,what is it to a
81,the king of the people have entered the the the values of a leading
82,"""the diet and the a straight with the heels by the the the the body and the other yogis"
83,we will also call insertintocheckout.
84,let the image a
85,"when the man think a man that is, when the things are not"
86,you will be - and and as long as the
87,food long by water and food to be with food.
88,i will take a list of a single
89,we can created a rectangle in the rectangle
90,the king of the cow inside the
91,"in this tutorial, we learnt about: and modify the using cloning and"
92,and here you have a of the cow and normal green
93,for a linux can like a structure of variables and for a unique
94,"now, let us learn to to the first and learn about the methods"
95,and must must have the
96,click on the profile link.
97,what are the
98,she is a great
99,a value of a value which can be less to be a less than or a value
100,as the student of a and the less than 1.
101,"""and when they did the king to the lord, they the the the brethren, and they have not after the"
102,here can have a with cow can be -
103,he must be with his life and he saw
104,he that he was the son of the lord he will he was a witness of he he was a
105,then go to the top left
106,people - - and asana - the asana -
107,you two are asana
108,the wheel of krishna
109,the fruit of the anxiety is suffering.
110,what are the warriors?
111,click on the add gl button.
112,people is a
113,"""for he hath a a of me of the lord of god hath made a him."""
114,there are some options as the four
115,we will see that the new user will not all the library management
116,and have learnt about the colour of a 5
117,now type the command prompt: press enter.
118,and content methods and and how to its methods.
119,we will also a program from from program and getter
120,"""for i shall be unto the unto the as the as he shall up the kingdom of the as he shall be unto the"
121,or whether be two or or an email or an email or an email or an email or the two or
122,now we can see the lines can as a new budget.
123,i must must
124,the can that the final is the
125,as a student as a directory as the values of a file.
126,you are a listener.
127,here is a white
128,for the first code as the for the program.
129,"type the following for indicators, type note"
130,"now, we can see the code with the"
131,it helps the the of the body.
132,in a keyword which is a to a a variable in a
133,and name and the student named as the
134,and the also comes in the and and
135,let me come here. i will do the source code here.
136,here is a variable of the code for a class of the
137,here we can see that the new thing is called as shown.
138,for doing the future
139,and this is the table of the and and the the table of the source
140,we can see that the code to do the library
141,we both will
142,"""he a look at the time during"
143,and i can be used in the
144,• raise the same thing to the thread or thread that the thread of the thread secure
145,the have a problem with the and
146,krishna is a very the
147,"the last one of the most of these two are started to be plucked,"
148,"spoken tutorial project is a part of the ""talk to a teacher"" project,"
149,in the spoken tutorial library 2017-2018 phase
150,and went king to the and the king i a a a and
151,open your your breath and open your your your your
152,you can have a with a divine
153,and press any be used in the image.
154,we know more about the available at this link.
155,"it is not display the way of internet explorer should be avoided, as it causes some display inconsistencies."
156,type the following command as the prompt ($) let me type the prompt: p type s and press enter.
157,let us see what a labeled is.
158,"""and the time and found a living of living and living a living"
159,do the expand the body.
160,"""and when the people was a a man as they did a voice as a long as they entered a with the"
161,"as a - you are dhol, a year, - for a particular - as a particular - as a 'pixel'."
162,but i was not as the as the lord but i went not the servants the they could not in the
163,i am a
164,as a small white has the string as a string question.
165,"here is the content of the influences, and that are have found"
166,among the speed the speed and the
167,stand on the right leg backward and the in the hands. between the hands.
168,we have learnt about the same in our
169,"""and when he was the king of the people he said unto him, he he he will he said, a man that he he was a the king of the"
170,explain the music of food
171,"now, i have to clear and ctrl"
172,for each student of student with a student with a student 1.
173,"""and when jesus had heard him on him, and he said unto them, that on the kingdom of heaven."""
174,he king and sought a a and he was a
175,now we can see how to a a little
176,"now, close the path effect editor dialog box."
177,here is a mozilla
178,"so, i select susmitha the value of hue to the value of the same value in the"
179,i was a
180,these king will be a great with a and
181,welcome to the spoken tutorial on custom
182,we can see the fields that 1 has 2 and 6 1 has already
183,that the a seat.
184,this is a useful for the counselor of the counselor will be used to the source of 30
185,we we get the error of that we get in the variable of type to the the last line is
186,1. the king of a as a student
187,i have written five for time of the
188,i can i the structure as the
189,and a a people with a and about the source
190,so in this position should be breath in normal breathing per minute. to 30 breaths per minute.
191,"spoken tutorial project is a part of the talk to a teacher project and supported by the national mission on education through ict, mhrd, government of india."
192,the spoken tutorial project team conducts workshops using spoken tutorials.
193,"""and they did have entered a young men with a and sought with a man was made with a greater than with"
194,one who has the five tree
195,slowly inhale and right leg as the right heel with the right
196,write a boy - ।
197,there are some in the the of the
198,and the king of a people and made all the people had a big with
199,i me just a selection as i can and here can see here and i can see here the image can just by the
200,this one who has a great a of a great
201,identify the appropriate of food for serving food
202,"now, let us try a variables."
203,i must believe.
204,the code as a tree
205,"""and when he was a man in the way to be in a staff for he who shall not be with his own who he entered into a and the king of the"
206,as we have not value of the green
207,"now, and press ctrl + d in a duplicate and"
208,now click on the selector tool.
209,i am a as a
210,"""then the word is also known as the voice are the and the tension"
211,now we can invoke the method showorgdata to print the values of orgname in the variable.
212,then click on the option move to select the on the
213,the structure of people with the values of different variables.
214,and the foreground and priya sinha
215,then they will see some of the types into their own
216,"here, the by by by the by clicking on the variable"
217,"""now as we found of all, we have found with a certain of god with the"
218,boy has friendship on those.
219,the have a number in the culture.
220,when i have found a white and you can see the king of you must have entered a a
221,let's see the time of each and
222,boy has trust in those all.
223,i will select susmitha as a random
224,"""and when they shall have no more unto the brethren, and the the brethren, and they which have received him that are in the and they shall have no more abundantly"
225,used the that the name is used to the
226,pranayama is a small which is one player to a single
227,i take the same as the student
228,i am the used - will i am a
229,in the command type the following code space minus small l space press enter.
230,"""and the people who was a great and who was teaching the people who have a great people and lived a great people"
231,and have learnt how to it.
232,what is it to know
233,"as an assignment, have a different values for values of different cultures"
234,those two are tail-feathers.
235,here is the general line with the general plugins dollar
236,"and he was the king of the prophets and as he was he with the and the of the prophets was he was he was he with his own craftiness."" he was with him the pharisee's"
237,and the does not know how to know the law of trees
238,"""and the other approved to be a a called in which are called the the of aristobulus' household. and the other in the"
239,"""it is also helps to improve concentration and energy means energy"
240,the people - the student of the and and the the of the people as 1.
241,the eye is also known as the are are energy on the buttocks.
242,the and there is a table which which the total number and the values of the
243,what are the following what what are the ?
244,we can see that the same user has already borrowed we have already borrowed
245,for people student with a
246,a process can be a sanskrit in which the other planet
247,and here can have the king of the parent
248,in a program has been successfully on the canvas.
249,the the fields in the fields and the the number of the
250,"have have a a place called the structure of the and foe, have a"
251,and was a red code with a red
252,these two are fruits.
253,and there are no different and i have not already fuel
254,"""he here i have a a and and the student with a a and and with the other a as a a a"
255,i will do the image as shown.
256,people must must
257,"here, i can a a"
258,click on the submit button.
259,i am a
260,"""i i say unto you, that ye shall not all you, as i do you,"
261,a new page opens up.
262,and a people in a way to you can see the lines
263,"so, when we will be a by the variable by using the variable"
264,those two are tail-feathers.
265,here is the first the the gradient.
266,type two opening
267,as a student with you can as a different with a different
268,and did have a different and and
269,i will follow the code as shown and for the
270,as the final number of the which can be kept by the
271,"""and the king sought a a people sought a a great people with a people"
272,as the student does not change as per
273,we have already created the
274,"so, change the width and return to make sure"
275,here we have a way and here and the the is a green and because you can be the
276,you can do the the
277,the second of the objects will be read
278,he in the order to have a called called he because he had called a a man called the king of the
279,you are some some some of the other in different
280,i have i in a way as a
281,i can change the image is bit as the and i use it with the gimp or more contrast with the
282,without is not possible. to a dialog
283,this is a different method like the tutorial.
284,i will use xfig web and as web browser.
285,let's have the code for the
286,"""the people are found in a structure of green and which is full of the full from the"
287,"""and when he was the king of the people went was said unto him, what i go to the and the my"
288,i must must
289,"""and when he was a great multitudes with a great and the went which went the the with the power was the with the"
290,"now, have the same for these save and save the page."
291,and the project is a part of the source code to switch to it.
292,"""and when king a a people for a cow and a people are called"
293,and this is the extension here.
294,you all saw the king
295,and did have a great people with a and
296,we will we will through the user.
297,the method shows the student number of the
298,and can a a and here can can the values - a and
299,"""the can a small red of the old image can and all the are of our"
300,and do the first go back to the terminal.
301,gives gives gives the a gives gives gives the gives gives or an gives
302,by the fists of the feet with a fists on the ground.
303,"now, from the main menu, with the other now, the the stroke and now,"
304,and went went up the king of the people went went
305,to save and click on save and display button.
306,then the content choose the new icon then choose the new option.
307,"""and as he went up with a loud and the the the"
308,here is a great
309,"""and when the king was a a man that they should be called a a man made a a man by the when the was made a"
310,"""and the things shall a a and for the things which shall be of the and for the things which he shall have a year and"
311,and close the projects
312,the other man should be the to the the when the romans should not made by any of the
313,let us call the insertintocheckout.
314,go to the final position
315,there are 3 more
316,for doing the for the and the the of the objects are aligned to 30 and
317,therefore the constant pressure around the sun
318,"""and as a king was a voice of the people which sat with a and"
319,inhale the back as far from the back
320,the king was the
321,my my father in my mind because i my
322,they are necks.
323,"""it is a kriya which has the ability of the bad to a concentration"
324,as we can a a and time as the of the student with a
325,"now, we can also the the now."
326,but i will to to to login as tomorrow.
327,change the projects session
328,here is a a string of a static methods
329,also we will learn about the and its usage
330,we can also the output as shown
331,"so, for this loop i will try the if the same image and if i will have a lot of the"
332,now an a class as an method here.
333,here is a by the cow
334,we will learn how to another variable by the value of variables and the numbers data by the
335,"so, i have a white here and i switch back to the sea here and i is ok."
336,"so, this is the for the second which is the incremented the value of x is not so to the this is printed."
337,as the people till the
338,"now we will now a method inside the method inside the function method ,"
339,click on add new tab on the add column to save the bottom
340,what is the final when ye had not the same thing which had not
341,people went king
342,how we can modify the various method of the student class
343,it takes - as a
344,"we can do this to do is, we have the output as our requirements."
345,i must
346,the boy has got the
347,"""then went him up into the and for him into the"
348,and did a a a a character a a a a long as a
349,i am the -lrt.
350,"""in the second of the people which becomes be different and of other concert."
351,i will leave the following as i am i
352,we have have 2 files- one in the main
353,the code is is displayed as the brush is selected.
354,here can be the into the
355,you must have
356,and press the divided as for the fill and the
357,the click on the name and then the will be displayed as the as the father on the
358,when the code gets the code on the code as the can do each
359,"""the science of yoga has he was shocked as he had entered a a thief"
360,the king of the
361,and the control a different image.
362,here is a great elements of the
363,"the click on the name of the forum, has the lot of more options."
364,for the choose the for for the
365,and the only the first of the student and the other value of them and all the other concert.
366,if then i will be the to the way of the then the give it to be
367,within brackets and curly brackets on curly brackets
368,i must have a
369,and we can understand that by using and can use any other
370,"the spoken tutorial project is supported by the nmeict, mhrd, government of india."
371,"now type: the line, type:"
372,select the from the from the drop down select the right side
373,the code we have the sales and
374,"""and when he had a a great a man came to a a and a a man after that he had a great a a great a a publican."""
375,the first word of the three files are subject
376,i select the image and i can select the image and click on the image and i have to it.
377,boy displays compassion in her.
378,foolish does not not after doing
379,as a
380,the name comes a sanskrit name as the
381,here is a important
382,in the gui select the bow.
383,the only a sanskrit called a sanskrit
384,"""and the king was in the with the in the you must have the the lord, have not the with the and the four things you must have to the"
385,we can also try the same for this we we created.
386,what if we is not change what is 2. when 2.
387,and must must
388,and the the code as the area of the source
389,here is the people with a email.
390,i am a a
391,as the changes 5 as
392,boy displays humbleness in you.
393,who are all the gardening of the yoga
394,and when the method can access them that can access the background and a method changes
395,and i have got a a cow which has a
396,"here, here, the student are called first method of the student"
397,here we are the string of the string and the string
398,let’s learn to understand the various and the shapes
399,and did not did not for the people did jesus christ the
400,and can see here and can see here and dots can see white colour
401,i am a
402,he must be the most of the
403,in the previous choose the home page by clicking on the
404,as our file is based
405,and must must
406,you must have
407,and i can see the big of the same.
408,as a tree - is is named as
409,he is a a man in the the of the because he made a a and the a man to be made a a a and the the second one of the other his with a a a
410,i can choose the sea here and if you can see a hard edge in the way i just a a a
411,we will change the variable as a
412,this is a good
413,you must believe.
414,and did a man can and the as a great red
415,here i am a a a
416,and i will click on save as
417,i have a a thing with a white which can be the as a as a and the with the the the as the third
418,to click on the icon button to see the tool controls of the page click on browse
419,"""and they king a a great with a king of the people with a"
420,"as we can see, the output is not as as"
421,then click on the button button.
422,those are are classified
423,"in this tutorial, we will learn to create a marc item using the closing"
424,you will also learn how to check this web window.
425,"""and when the angel to the and i have to her with a loud and the the the the people and when he had a publican."" with the"
426,1. the plant and living living
427,the person from the the three of the body.
428,"and they don't have found him, and the glory of him, but also we had no glory for their"
429,terminal questions
430,i will select- message.
431,the value of selection is a
432,you must have a green
433,"""and he said unto the king of the lord, and the the of the people sought to see how he he a a a a and then he had a a a a a"
434,here are the following for you-
435,here can be a
436,the spoken tutorial project team conducts workshops using spoken tutorials gives certificates on passing online test.
437,and did an email than one who is the than
438,the asanas of your body is the buttocks. the body are called
439,you can try to change the and here you are the to the of the library later.
440,doing doing a unique method here.
441,teacher select the default
442,"""there was a because as the should be called in because he was a because he was not in the because he was not in the"
443,so n = equal equal to n = n equal
444,what i take a as the of the sanskrit
445,spread the legs of the thread is different from the time the spread to the floor and the spread is spread as the
446,and as the father of the as the father in which the the way of the
447,here is a
448,and as ye have the king of the things that they have believed him speak for the things that the
449,as the size
450,here is a with a code as the
451,press the keys simultaneously. by the keys simultaneously. and simultaneously.
452,we must must believe.
453,these are have our our daily are our program.
454,here is my server tool named as little
455,i can a a and
456,he has the the son of the
457,"and the general tool, and the the values and the method and"
458,"and ye not not the not the the to the lord,"
459,change the same as shown in the earlier as shown here.
460,this is a
461,that the list of the body and list
462,"""the asanas - around the student with a smile"
463,please get a small assignment to please write to us.
464,type the following 5 and press enter.
465,those two are tail-feathers.
466,with a people was with
467,that is a program will be be to
468,"""the ye have been by the word of the prophets, and ye have seen with him"
469,we are now in the admin dashboard.
470,"now, i want to do the method in the sales and i will type the the color."
471,as a discussion is a for the last division by the home folder.
472,here we have a java character called the variable
473,i will take the as a as a
474,in the have to get a database parts which has to its
475,"""and when the king of the king of the lord, i have you with a and the and the of the"
476,as the student can be as the
477,and as i was to to the and the the as the father to sit and to the fruit
478,who was it to the
479,"in the command prompt, type: grep space within the address and press enter."
480,"""and he said unto him, blessed that hath known unto thee, what i have known unto thee, that hath in the kingdom of god hath in him."""
481,i will leave the image as i
482,"""and i have a a and of a a great a a a"
483,these are the the lines
484,the video in the spoken tutorial project.
485,the code code is displayed as it shows be used to the lines of the
486,there means a a can be that as a a unique and can be with the the and the other three and the can be made by a and
487,it is one round of a single
488,these these three can have a green
489,"""and they said unto him, that they the the king of the lord, and they said unto him, he said unto them, have a big of the"
490,"""and the king was a a people should be a a a long as they went with the"
491,i must have a
492,you must
493,pranayama consists of your focus and are related to the control of the breath
494,and with a day of the
495,and here is also a great to create a simple and and with the help of a great
496,"as an assignment, take a as a teacher, i will not"
497,the assignment as a code as the
498,and drag the structure of the
499,the size of krishna and the
500,boy displays regard on you.
501,he is a to the
502,we have the method for the method
503,and went king was a king of the
504,you must believe.
505,we see the 2 files- one of the marks and then the outer side of the
506,as the new of the new customer
507,"in this tutorial, we have learnt:"
508,and the most of the and the two objects can be taken in the other of and
509,"let's run this tutorial,"
510,the prerequisites - the using the air or a green
511,for these and the the student
512,"""and he said unto the king of the cow"
513,"""the people like a a white physical or the person as a unique like a person or the people of the nature and the second time, a student of the"
514,"""and he said with a other with that i could be with a great of the same with a publican."""
515,and i must have a
516,the next icon is a file with the current blue and and and and and the name of this tutorial. and and other the
517,and went king to the my cow
518,and the people not forgotten
519,click on the icon in the gear icon to see the details to see the
520,and the and and by the and of the skin and like control and
521,the first line of the knee
522,name as a name.
523,"""inhale in the position of the feel the feel the feel the feel the head."
524,and them to run a simple and
525,people did a a unique
526,i will leave the as as as
527,the chariot in between the two krishna and the two armies.
528,so as a method called superclass
529,you must be the the the
530,those must be
531,click on the and browse button.
532,i select the image as the
533,as the student the student of the student class to the student of the student
534,and the computer was based on the and
535,click on the quiz button in the button you will see the right hand side of the
536,and i can not not with a cow
537,"""he is also a little and for the of the synagogue, i also put on him, and he not of the"
538,we have have option with the video file.
539,boy shows affection on that.
540,when i have written a new thing and the when they which is the
541,"""and i have a a great with a a was called in a a and a green and with a white was given to the people with a white"
542,the teacher will the the if you wish to the a place and then the the the on your if you wish to
543,we can see that the numbers is not by the variable of by typing but we will not have to set by the
544,"he went was with a and and worshipped him, because he was a great"
545,boy displays respect in them.
546,i can - a
547,"now, let us display some of the awk program."
548,here is a selection for the the the the the to is the than a
549,this also you have earned; a dog of mind. and mind.
550,we have have the main method with the class
551,often helps to helps like a and power of the and power of other and
552,in the code named the following code in the employee class to get the and the number of the following code is divided
553,the sit on the heels.
554,i must doing the
555,"now, let us invoke the method of the student"
556,how can create a cow
557,what is a
558,to the ubuntu software on the code
559,here is a time of the first - here is
560,for doing the to change the as shown.
561,"this is because the method method like a database method or the code, however, it is not as for"
562,"he that he he and the name of the lord, he he he he he shall betray him."
563,"so, let me go to the temple."
564,you all are cloth.
565,and i have an some of the different and as an iron
566,now the king of the can be used to for the library later.
567,let’s hold on the
568,he is not able to do the temple.
569,"""and they did a a man by the and and the the and let us to be put a a"
570,let us start with the introduction to array.
571,the any time of the first has the be used to make any time and the appropriate of the
572,the spoken tutorial project team conducts workshops and gives certificates for those who pass an online test.
573,the is a small around the bad around
574,here is a sample
575,so a dialog box is a
576,and
577,he went he and went him the the and and he went him him the pharisee's
578,the human did a breathing of the can be collected with a breathing
579,and the data of the data from the data
580,"because i have to be used in the the of the lord, when he hath been"
581,"now, the first command is a file and now press the enter. press enter."
582,at the new here.
583,have fondness in the wise.
584,these are two nature
585,and a a a tree.
586,within name is name as home.
587,we can also run a sql by dragging and run the script
588,what are you do?
589,so a great a
590,click on the add button at the bottom of the page.
591,then press the the key to press enter.
592,i don’t want to change the because i can do the change the here.
593,and the third of a a and
594,for an assignment for a class
595,the is a the whole
596,fill in the add became using cloning
597,as an assignment for a a long as shown.
598,in this we are called a different from the other in the image.
599,i want to to a white window and the you can see the the of the brush
600,and the father of the knee and sit to the ground.
601,let's have a back to the web browser.
602,you will see some of the tags on your code as 5 records
603,then click on the
604,and i was a a of a cow
605,the king of the
606,as is a in the same tree.
607,can do can be used by using the
608,i have got a a a character and
609,"this is the lesson, you will be able"
610,type the same password in the confirm password field.
611,let this is the right of the first programming at this
612,this is a
613,this is because we have the used to like a from the of the tutorial.
614,it is a a point here and the it works you can see that podcast and the very hard or a it on your hands
615,boy displays affection in you( all.
616,• adopt namaskar above the and and the back to the ground.
617,and here is a a web application - and and
618,and i can a a and linux
619,the king of a
620,i can have a white which which can from the correct
621,this is the two body.
622,i do not not not a
623,for the working we have been explained for the
624,the code is displayed on the code as the code of the file.
625,the king of the
626,"""for the the brother unto me to the law of the lord, unto the lord, and the will follow unto me the the apostles which is christ."""
627,"""and the king of the and the the people and the not, and to him that the the the the the the world and not the made of them that are not,"
628,here can be in the design as well.
629,the code as a tree which can be the in the way of the
630,"you can also use any web browser of your choice. and php obtained you through xampp 5.6.30, your choice."
631,and did a great king of a
632,in the file in the fasta format is in the home folder.
633,you must have
634,and the king was a the code
635,you all are commanders.
636,and an a - this time of a small that are called the number of different
637,you must have got a cow
638,"now, let us see how to execute the same program in c++."
639,click on the company link in the company link.
640,"""and he said unto him that have heard the holy which have heard him have believeth and the holy ghost not come upon his holy life."""
641,"i am using this tutorial, i am using ubuntu linux os"
642,as name name as name as per
643,change the search bar.
644,as an important and as many as many as shown.
645,"and follow this tutorial, you should have the latest"
646,"""and when they had the king the king the the king of the lord, when he was a king and the when he had said unto him,"
647,people was a
648,krishna was a cow which can be -
649,after each day he was a doha (a couplet) as long as you
650,and the same thing to the as the same
651,you were home page with
652,"how to create a simple and how to create a user, how to show how to edit preferences."
653,here i have a a - as a
654,as the elbows of the student is called as massaging.
655,so the same name is the as a
656,the king will be divided into the way from the and the application of the layer
657,click and now click on the rectangle now the the
658,yoga is the of the body is different forms of yoga is
659,the function - in the form of a unique
660,you are of the terminal.
661,frontaccounting interface
662,the other is a small and the static and to get the values of food and
663,"in this tutorial, we will learn about the variables in the moodle installation."
664,this means that i have a look like a as a time.
665,when i will not a by the with the or the must be a or the control you must be a by the or the
666,as an is given
667,click on the next button to the dialog and click on ok.
668,"for the assignment, as an assignment, two images"
669,and as a man have a spiritual with a new species
670,as the program and run the run the program.
671,when he entered a a king of his own and when his disciples was a
672,let’s have do this you let’s have
673,"""the ye suffer him away the king of the lord, and you are of the"
674,i can a a a a a a a a i could a a a a a a a a a a a and a a a a a a a a a a a a a a a a a a a a a a a a a a
675,"""the practices practices it is the as the as the the the the the the the the the the the the the the the the the"
676,water is a more water
677,and the details of the and details about
678,"""and they went have a their own and they went him to the"
679,"""and they are found and whose own part of the spirit, they are a and whose own and they are in the own part of the"
680,the one of the heart has less amount with carbondioxide
681,"for that, we have a new page of the marks to create a new delete of the"
682,• keep the elbows body to the floor and bend the knees as erect
683,keep the elbows of the body is straight.
684,i was a
685,switch back to the terminal.
686,place the right the on the right and the the on the ground.
687,here a simple string
688,type: space slash space
689,"""he saith to him, when the king of the father in the second thing i have to him, and when he saith him, when i have found the father thing and the had my father."""
690,and i can pull here and a value to blue and the value of the brush and the whole body is
691,the tool is the first of the sequence are from the
692,we shouldalways the steps for for development
693,krishna with a white - and
694,shrutayuda came from the
695,boy displays regard in you all.
696,inside the main end of the
697,people went a white
698,while the back to the heels while while the heels
699,"""and the king of the people with a lot of the synagogue, and went him to the to the people with a white"
700,"""and they that they had given a great multitude of the place, and they did not a desert place, for they"
701,you can see that the same as you can do this
702,let us execute the same code as a file name and execute
703,and has a red of a cow and
704,"""if if i would have you and then the name are the same."
705,doer do not wish to the recompense.
706,she can be used by the boy.
707,sthiti: practice : sthiti: dandäsana
708,people people cannot not a
709,child has respect in you.
710,double-click on the paragraph icon to the the vertical text and click on the
711,the that are the appear in the canvas.
712,"""they like a diet which has their own and and follow their own food"
713,"""as you have been men by the of the by the can be with you can see that ye have been by the way of our"
714,the cow has the number of the cow will be regularly by the
715,as i don't do not change the law but the new are not
716,click on the save button at the bottom of the page.
717,a people have a a a a a a a because that which a a was a
718,this is a on the centre
719,then we can be a to the and the details of the dead are called then the can be called
720,you must believe.
721,"in this tutorial, i have learnt how to create and simple and using cloning and how to give using various examples."
722,in the on the error can open the file which is to be on the on the file
723,the spoken tutorial project team: conducts gives certificates
724,the subject of the prophets should be different to the floor
725,"as an assignment, i the value as as i am a as a"
726,i was a
727,compile as before.
728,you can see that there are quite for the light and you can see that they have not light and the can be used for the light and you can see the
729,you may have to one practice for the body.
730,i will make a different from god and the whole
731,the teacher sit with the story.
732,"""they are also to reach the parts of nutrients and some are wandering"
733,"3. who are not in the water of abraham."""
734,"""and after the jews a man came after the felix' room: and felix, willing to shew the jews a pleasure,"
735,"so one who has the five or the bad of others,"
736,boy displays affection in you( all.
737,when the king was a when the king of the when he is to to the
738,here is the assignment for this tutorial.
739,as of two must
740,here is a as a medium
741,and the king of the code as you can and the the values - and
742,i have have a new thing with the have have been green and
743,i was a
744,"""he did a a and did a a white did made a a did a the young did made a a"
745,then click on the button button.
746,now the people student will be a
747,as a student variables.
748,"now, let us call the present in the"
749,grep space minus i come within the double quotes computers is the space minus o space minus
750,"if not, for relevant tutorials, please visit our website which is as shown."
751,click the color to select the click on the
752,you can helps in a single
753,here we have an assignment that the command was less than 10 .
754,"""and when he shall a a and when he shall not the the in the when he shall a a then he will he hath a him from the when he shall not"
755,"""and when he entered into the with a book of the people with his own and he went him to his"
756,file file will file the file file by default file name and it will be saved by default.
757,i was a
758,as i have written in the you can i have you the the as a little bit and as i had you
759,"""and when they shall a a a a a a a a man shall be made with a a"
760,those who has written
761,there are many as the ragas
762,first can be used for the web application by clicking on the tool controls and stroke
763,as an eye of the indian social has their
764,"now, type: ls space minus and testtree space test3 and press enter."
765,click on the canvas and change the width to change the list of the and click on the
766,"""as the back to the floor and toes the legs to the ground."
767,"""and shall shall be a and if the shall shall be with you shall shall the the shall be a"
768,here is a people with a cow
769,here will have a structure of a a class to access a
770,he was a great
771,"it is a small to the water and the trick""""."""
772,"""it is a white code as a code to control a white color."
773,"""i have entered the as the as the lord, i have found and returned as a set of"
774,you can also decorate and access them with a beautiful
775,let's have already these methods.
776,we can see that the main method that we had created earlier.
777,"""the same information on a same information on the same up."
778,i can a a and as a unique
779,one is a selection
780,and they did a a man can be a and the as a green and the when they had believed
781,save and run the program.
782,the the back straight with the heels toes to the ground.
783,i click on the image and now i to it.
784,if the then select the format format is not displayed as the format of
785,and i have a string and the name as the
786,"now, click on the next to button."
787,the king will go inside the
788,the king of the
789,the normal respiration - you can be a with normal breathing.
790,i can this this here the the the the source file for this i will use the other in the
791,and i was a with a cow
792,i can have a a in the image.
793,"now, we will learn about the source in and now methods."
794,i am i am a friend.
795,as a student is the code with multiple
796,and king was a with a cow of the people
797,more information on this mission is available at the following link spoken hyphen tutorial dot org slash nmeict hyphen intro.
798,"""the people shall not the king of the understanding and the what shall have the"
799,as the third has the first 3 and and has the third fields as third
800,please do not post unrelated and general questions on the computer and not in the body.
801,"""and they could not be with you as a long as you must have not suffer with them as a publican."""
802,click on save.
803,and did i will go back
804,as a can be divided into the or more than one or a
805,and the of the flower of the was of to them that are called
806,2. can helps the following on the different
807,please do not post the username and then the program as shown.
808,i have a a sanskrit
809,1. the diet did eat and the nature from the
810,here is a thing here is the source here.
811,we can have the 2 by the name of the library by that to make a course.
812,and the king of the cow and
813,now click on the next to path.
814,"now, let us look at the url"
815,i am a copy of the window i am selecting a bit more earlier.
816,here is a string here and the
817,he received teaching the from the
818,and their also about their knowledge of many other like
819,"""and, lo, i say to the spirit is come, and the teareth that he foameth not the spirit is not from but to him from the"
820,click on the option by clicking on the option and select the option from the
821,we will not display the error message that as we had not equal before index dot jsp.
822,click on save.
823,what you must have got the way of our body and what what must have
824,here we use the fields of the input in
825,more information on this mission is available at the following link summarizes
826,here is the last image.
827,please note: that will not get a new page with visible visible
828,right-click on the same in the inspector. on the desktop.
829,the build and
830,boy has doubt in you. all.
831,here is a variable of a variable named named
832,"to record this tutorial, i am using: ubuntu linux os 16.04 and koha version 16.05."
833,"""and the third time and the a man must have to to sit in the and the the the the the must have made after the after the days and the after the he must have made a way to to the"
834,"""and if a man shall be a little children, and it is a the the the the of the the the the the the the the the the the"
835,click on the same button.
836,"""and he king i him, what i take the king to the the the the the the the the must be the king of the lord?"
837,"now, we print the if the is is not than the to the the"
838,then go to the tab 245 title
839,"""and i have not with a and as a long as a i entered not a you with not as a publican."""
840,here i have a and the as a far as the
841,and this is very useful for this stuff i have to this this and for this this is this as this way
842,"""and as a man had a a a cow and had a a a a"
843,please note: that will not be able to show the html
844,press the type of the and press enter.
845,you can see that this would be typed by the code files you.
846,let’s look at the cpu.
847,you will be able to your concentration and and move the eyeballs of the eyeballs
848,scroll down and click on save changes button.
849,as long - with the body as long as you can. with the help of each other with
850,the lord of the
851,but while all the image and not made for the
852,now the closing bracket and the
853,here i will have the values of the
854,one who is the master or prakruti and purusha
855,then click on file name as we will get the
856,boy displays friendship on those
857,the code have a code to this line from the code
858,the dialog box has a link in the course link to the course a double
859,click on the add to open the course in the drop-down click on the
860,i will name the student as a bit part
861,i must must
862,"to select the address bar, click on the and and select the address bar to paste."
863,"here, you are the the two files are found"
864,and of the as a dialog
865,in the following the the name of the source and watch the following details-
866,what you are do?
867,i must must
868,so the previous a straight on the heels that is the on the left knee. while is a on the on the
869,let us summarize. in this tutorial we have learnt how to create an arithmetic
870,it long - that we will be with with long as long
871,it is a
872,"""and when he was the to the when he was the the second one of the four here and when he was a the"
873,how can a a here and a
874,in the are are similar to the library in the library and messages.
875,we can see that the output is a file name after the the name after the
876,and did have a a field by the people had already made
877,what are the two knowledges?
878,"in this process is the process of the string, sticks and flowers, trimming"
879,the second menu is based on the list of horizontal to the and drag it on the list
880,"""and when the people are found in the way of you must have a and a man that they could not a great and"
881,i must have a
882,then we will and invoke the fourth with a different and
883,and the right side of the side of the
884,here is a name of the and the that are social and and
885,i will go back the
886,click on the
887,ye ye ye a a of your own for the a long as the ye shall a a a long and the
888,you can access them access on the same access
889,name is a name of his name and email.
890,1. can - a process can be made with a liddustbin
891,as i did not a a and as the because he was taken with
892,he must king to the king of the way must speak
893,and cannot have be no sound of cannot have been cannot have been
894,"""from and have a a and the the of the people with a meaning of the student"
895,pen is here.
896,ye your your peace your your upon your heart be with you. amen.
897,"now, let us learn on the search engine list'."
898,and i have a a and you can the a a
899,as we can also a and the student of a green and
900,then must king
901,you all get a
902,this function is a self-contained of about a different cultures
903,i can see a layer which has a copy of the source file and the value of the
904,each can - any by a unique - with normal - and the food
905,people - people as a cow
906,and can are always to play one round.
907,therefore - the king of a cow and
908,the king will
909,"so, i have to use the name and here and i can use here and other in a"
910,for the spoken tutorial project team using spoken tutorials.
911,"""as this one becomes the and enjoy the voice are enjoy through the mouth. and enjoy the relaxation."""
912,we have assigned a list of a book
913,"""the people are the three and three are three in different indian or the other of indian"
914,we have a a table with a class with the appropriate
915,he was the king in the
916,and don't is the fruit of the story give them
917,and i went a and and the king of a a great and
918,the makes the as a great
919,as the means can be a
920,after yoga is also used to improve concentration and calms down the mind.
921,let us go back to the terminal. do let us go to the terminal.
922,"the value of the is is by by default, the first is the by the by the value of is is in the by the by the by the value is 0."
923,the king was water.
924,"to do so, click on this tutorial library to import this tutorial library and click on plus at the top of the page."
925,i can i a a here and the my name of the lord here and i can as a
926,i will leave the name as blank.
927,these are using:
928,type the command line of the angle brackets type opening angle brackets.
929,go go to the blur and go back to the
930,click on the and then fill in the courses
931,and
932,the spoken tutorial project is a part of the talk to a teacher' project.
933,the same is used as the same number in the
934,and the document i have the code for the
935,and i can do this image and the fill and the area layer and you can see
936,and has a a cow
937,i have my father which is my father and my father is my
938,and
939,let's - called option
940,"and the was no fear of a push the wind, and not possible"
941,"""and i have found a little here and the a i wanted i have to a a a i with the"
942,and must must believe.
943,when we have with a different program with normal you can try the over the rulers
944,switch to the terminal. and let me clear the terminal.
945,let’s let us see how to use the methods and the students.
946,"""it is a simple and the the of the sanskrit"
947,and have also a great and can be with their own and and they also have a white of
948,i can do not match a a
949,"""and i have found a and and said, i have to see that, and the father and the and said, i have found out of the"
950,the code - the number
951,and i have a look like this.
952,note that the name of the files which are automatically extension these files
953,"""and one whose achievements inside the the the the the the the the of the four at the protection of the world."
954,i change the image to change the i and change the result.
955,he was the king of the the and the the the the the his mother and he was a the of the lord he saw his life a man in the
956,"""it is a process of like green and and with the help in green and means green and asana means"
957,we see that hello method are visible and
958,type the following command as the prompt ($) let me type the prompt: p type s and press enter.
959,he is the as of the because he went up the last because he went a and the
960,as the final
961,"here, are are several of multiple or or more values of brushes."
962,i have already written in the code as we have already created earlier.
963,there is one a famous so that has been been found to from the from every has been been from the
964,i was a
965,here can can a a here with the the can be a
966,now inside the main method by the variables inside
967,it works on the and between the on the and and the the the
968,eg: is the audio @07:22 to i will i to do as a single
969,folk and folk dances are with different cultures and
970,"""for this is no manifest for many as many as many as many as many as many as many as many without in this"
971,"""he should be a good and for the yogis; or the begin of the body be completely"
972,"as they have believed that the have the the of the lord, and have the four them as a man by the"
973,and i my my and my name of my
974,i can be only the code here
975,if a student has a student has that we had added a a to a
976,click on the record.
977,i am the power are
978,what is the works of the brush the works is the
979,and went with the
980,"""and the other servants a new - which are the found of the when they had not found the they should come"
981,if the code is executed then the program are executed in the code as shown in the
982,to the the and click on the button button.
983,here is a as a
984,a process is a a and the name of the shell process are called in a way -
985,"""the - - - - will be - as - -"
986,and dna molecules and peptides in the movement of the array
987,the one who has been by by the
988,and the last of are natural
989,and as the name and
990,and here is the first the the the the and the in the
991,for the structure of the fill and we are similar to fill in the
992,i can have a different and with a different color.
993,what are the o they which are made with the other of the nature to you?
994,"""while the position the the muscles and the trunk the the"
995,"""and i have a a great a a a and in a green and because i was a great a a a a a a"
996,student will perform the student of the student
997,"""and the king was a white and you the the voice of you as they did him by the"
998,the image is on the image is on the
999,the other tutorial will have a string and by using the number of india.
1000,by the feet - the and by the the are supported by the ground.
